Machine,Workflow,NumberSequences,Task,WorkflowInputSize,Realtime,%cpu,rss,rchar,wchar,cpus,read_bytes,write_bytes,vmem,memory,peak_rss,TaskInputSize,TaskInputSizeUncompressed,WorkflowInputUncompressed
local,chipseq,13620777,FASTQC,683568161,50715,99.1,1037447168,699097192,1916747,6,21618688,2166784,4476407808,16106127360,1039458304,683568161,2302988576,2302988576
local,chipseq,1702600,FASTQC,85945806,9558,139.0,684797952,101466968,1904465,6,2015232,2105344,4556804096,16106127360,689086464,85945806,287873850,287873850
local,chipseq,14298700,FASTQC,748229782,52338,105.9,1060716544,763776749,1910476,6,5672960,2207744,4552278016,16106127360,1060716544,748229782,2403651367,2403651367
local,chipseq,1787400,FASTQC,94140088,9523,131.1,627007488,109694660,1939224,6,1826816,2150400,4556804096,16106127360,627109888,94140088,300472219,300472219
local,chipseq,212900,FASTQC,10734726,3294,191.3,284696576,26270244,1939581,6,0,2154496,4556804096,16106127360,284798976,10734726,35999394,35999394
local,chipseq,27241477,FASTQC,1207988328,94321,101.7,1041969152,1223522331,1913179,6,5406720,2220032,4476407808,16106127360,1041981440,1207988328,4605965334,4605965334
local,chipseq,223500,FASTQC,11751671,3528,169.8,229756928,27305571,1938631,6,1912832,2142208,4554706944,16106127360,229756928,11751671,37571177,37571177
local,chipseq,28597378,FASTQC,1334020879,100370,101.9,1040834560,1349577259,1914428,6,5771264,2265088,4476407808,16106127360,1040834560,1334020879,4807293396,4807293396
local,chipseq,3405200,FASTQC,171591665,14574,123.2,1039880192,187111672,1902787,6,2039808,2105344,4476407808,16106127360,1039880192,171591665,575743734,575743734
local,chipseq,3574700,FASTQC,187899130,15456,122.0,629022720,203449606,1928389,6,65536,2146304,4476407808,16106127360,629022720,187899130,600924066,600924066
local,chipseq,425700,FASTQC,21494257,4304,166.6,298618880,37020460,1919566,6,0,2134016,4556804096,16106127360,298721280,21494257,71979269,71979269
local,chipseq,446900,FASTQC,23529629,4309,174.0,294092800,39085596,1942477,6,0,2150400,4556804096,16106127360,294195200,23529629,75125401,75125401
local,chipseq,6810400,FASTQC,342582205,28405,104.1,1061023744,358102778,1902516,6,5754880,2203648,4584574976,16106127360,1061027840,342582205,1151497954,1151497954
local,chipseq,7149400,FASTQC,374895855,29563,106.7,1042747392,390443325,1921148,6,3141632,2129920,4476407808,16106127360,1042747392,374895855,1201839227,1201839227
local,chipseq,851300,FASTQC,43009231,5308,158.6,363409408,58532105,1909968,6,0,2113536,4556804096,16106127360,363511808,43009231,143937930,143937930
local,chipseq,893700,FASTQC,47090363,6318,150.8,560562176,62646239,1941232,6,0,2154496,4556804096,16106127360,562974720,47090363,150242459,150242459
local,chipseq,28597378,TRIMGALORE,1334020879,275099,496.9,2929479680,21996758276,20598738769,8,399036416,1324257280,3694997504,16106127360,2954379264,1334020879,4807293396,4807293396
local,chipseq,27241477,TRIMGALORE,1207988328,251051,493.6,2784534528,21028041075,19757629066,8,200597504,1207091200,3528560640,16106127360,2800607232,1207988328,4605965334,4605965334
local,chipseq,14298700,TRIMGALORE,748229782,145558,475.2,1882415104,11205351256,10386841161,8,52277248,665927680,3198107648,16106127360,2078154752,748229782,2403651367,2403651367
local,chipseq,1702600,TRIMGALORE,85945806,21025,407.9,409649152,1551170783,1395992882,8,286720,78319616,3198136320,16106127360,417685504,85945806,287873850,287873850
local,chipseq,212900,TRIMGALORE,10734726,5231,296.1,305258496,231686306,191237042,8,0,11718656,3278508032,16106127360,305360896,10734726,35999394,35999394
local,chipseq,1787400,TRIMGALORE,94140088,21690,432.1,424595456,1613713546,1448092901,8,0,85856256,3278528512,16106127360,432308224,94140088,300472219,300472219
local,chipseq,13620777,TRIMGALORE,683568161,125667,492.6,2028101632,10718098364,9966254986,8,376832,606744576,3274309632,16106127360,2101739520,683568161,2302988576,2302988576
local,chipseq,223500,TRIMGALORE,11751671,6730,266.0,247349248,241935930,199452268,8,339968,12693504,3278528512,16106127360,247349248,11751671,37571177,37571177
local,chipseq,3405200,TRIMGALORE,171591665,34587,463.8,721195008,2860818616,2620324147,8,0,154169344,3198107648,16106127360,725254144,171591665,575743734,575743734
local,chipseq,3574700,TRIMGALORE,187899130,38125,473.4,740343808,2983969263,2725071702,8,0,169287680,3278503936,16106127360,740507648,187899130,600924066,600924066
local,chipseq,425700,TRIMGALORE,21494257,7890,331.8,328601600,442309187,380334229,8,0,21237760,3278508032,16106127360,331010048,21494257,71979269,71979269
local,chipseq,446900,TRIMGALORE,23529629,8160,350.4,320774144,462789685,396742901,8,0,23121920,3278503936,16106127360,320876544,23529629,75125401,75125401
local,chipseq,6810400,TRIMGALORE,342582205,65097,481.7,1257607168,5481004097,5069422964,8,507904,305451008,3198111744,16106127360,1273282560,342582205,1151497954,1151497954
local,chipseq,7149400,TRIMGALORE,374895855,72140,487.3,1234362368,5724968870,5279308791,8,135168,335097856,3274334208,16106127360,1242464256,374895855,1201839227,1201839227
local,chipseq,851300,TRIMGALORE,43009231,13179,358.1,311652352,863555657,758542084,8,0,40267776,3278528512,16106127360,316473344,43009231,143937930,143937930
local,chipseq,893700,TRIMGALORE,47090363,13353,380.5,298893312,904580170,791417410,8,0,44044288,3278508032,16106127360,299458560,47090363,150242459,150242459
local,chipseq,13620777,BWA_MEM,683568161,500663,718.4,9829851136,9243053892,4045493583,8,6027669504,824860672,11081265152,16106127360,9836085248,604525340,2295640685,2302988576
local,chipseq,14298700,BWA_MEM,748229782,485427,713.8,9760100352,9417514001,4233779544,8,6083567616,897871872,11081695232,16106127360,9770045440,663696061,2383077700,2403651367
local,chipseq,1702600,BWA_MEM,85945806,98824,451.9,9225347072,5891187563,500357380,8,5303455744,102887424,10615058432,16106127360,9255661568,76151634,286963049,287873850
local,chipseq,212900,BWA_MEM,10734726,32411,172.2,5929959424,5476327620,62102094,8,3280879616,12836864,6139703296,16106127360,5929959424,9531150,35889694,35999394
local,chipseq,28597378,BWA_MEM,1334020879,880230,787.6,9768640512,13440599736,8496039032,8,1325027328,1795706880,11081715712,16106127360,9780850688,1321962924,4766177542,4807293396
local,chipseq,1787400,BWA_MEM,94140088,89259,486.1,8953458688,5912941073,523753000,8,3060989952,112009216,10086170624,16106127360,8975953920,83631636,298003581,300472219
local,chipseq,223500,BWA_MEM,11751671,21379,254.3,5595066368,5479021331,65024393,8,1724170240,13991936,6139961344,16106127360,5595066368,10459320,37266983,37571177
local,chipseq,27241477,BWA_MEM,1207988328,914792,787.8,9852207104,13091554209,8118369398,8,1206169600,1649950720,11081269248,16106127360,9857683456,1204855645,4591241389,4605965334
local,chipseq,893700,BWA_MEM,47090363,56762,373.2,7313342464,5664330636,260928900,8,2810699776,55963648,7938621440,16106127360,7313342464,41818558,149012900,150242459
local,chipseq,425700,BWA_MEM,21494257,16693,656.1,6293274624,5535103141,124176726,8,19476480,25665536,6761369600,16106127360,6293274624,19057691,71754978,71979269
local,chipseq,6810400,BWA_MEM,342582205,234894,771.7,9817272320,7324481102,2015670101,8,304144384,412184576,11081261056,16106127360,9817575424,303290317,1147817846,1151497954
local,chipseq,851300,BWA_MEM,43009231,43258,508.1,7231696896,5653543875,249281957,8,1732681728,51392512,7736262656,16106127360,7457693696,38106247,143487109,143937930
local,chipseq,3405200,BWA_MEM,171591665,120027,752.8,9693929472,6367930781,1004235493,8,152821760,205914112,11081256960,16106127360,9733431296,151999406,573908650,575743734
local,chipseq,7149400,BWA_MEM,374895855,233840,740.1,9716436992,7411373816,2109490745,8,1527758848,448712704,11081687040,16106127360,9721749504,332881937,1191554854,1201839227
local,chipseq,3574700,BWA_MEM,187899130,127222,685.3,9593720832,6411499138,1051057632,8,1662492672,224231424,10981015552,16106127360,9633300480,167060932,595779321,600924066
local,chipseq,446900,BWA_MEM,23529629,24740,430.9,6256775168,5540497668,130026383,8,1197977600,27971584,6761885696,16106127360,6256775168,20910406,74512380,75125401
local,chipseq,13620777,SORT_BAM,683568161,66516,179.3,3790290944,3010159946,730624427,6,824676352,730976256,6311206912,16106127360,4112343040,824488128,824488128,2302988576
local,chipseq,14298700,SORT_BAM,748229782,62672,179.1,4283330560,2802228871,637696875,6,897515520,638062592,6573961216,16106127360,4283330560,897484697,897484697,2403651367
local,chipseq,1702600,SORT_BAM,85945806,10030,162.1,475467776,400937210,102715520,6,102850560,102772736,5957959680,16106127360,512147456,102845489,102845489,287873850
local,chipseq,212900,SORT_BAM,10734726,1538,141.1,7139328,54977160,16756298,6,12832768,16773120,13926400,16106127360,7139328,12829791,12829791,35999394
local,chipseq,28597378,SORT_BAM,1334020879,137328,190.1,5441216512,6243004494,2172975309,6,1795796992,2173718528,6714679296,16106127360,5759115264,1794924095,1794924095,4807293396
local,chipseq,1787400,SORT_BAM,94140088,9670,166.8,495869952,420477847,106246555,6,112001024,106303488,5889929216,16106127360,534216704,111967602,111967602,300472219
local,chipseq,223500,SORT_BAM,11751671,1668,142.4,6868992,59145486,17747235,6,13987840,17764352,13795328,16106127360,6868992,13986549,13986549,37571177
local,chipseq,27241477,SORT_BAM,1207988328,149323,188.2,5519478784,6961489113,2545926436,6,1651548160,2546647040,7091445760,16106127360,5752778752,1649192839,1649192839,4605965334
local,chipseq,893700,SORT_BAM,47090363,5241,160.0,253063168,218481942,57617188,6,55943168,57651200,5864763392,16106127360,270381056,55940994,55940994,150242459
local,chipseq,425700,SORT_BAM,21494257,2829,151.1,15020032,105666266,29879354,6,25661440,29900800,21712896,16106127360,15020032,25655441,25655441,71979269
local,chipseq,6810400,SORT_BAM,342582205,34739,176.3,1898852352,1544107848,379972762,6,412016640,380153856,6108954624,16106127360,2057338880,412002941,412002941,1151497954
local,chipseq,851300,SORT_BAM,43009231,5216,160.8,243019776,205125399,54683316,6,51372032,54718464,5865684992,16106127360,258617344,51368496,51368496,143937930
local,chipseq,3405200,SORT_BAM,171591665,18407,171.4,953954304,787025569,196787612,6,205832192,196882432,6008291328,16106127360,1031204864,205828015,205828015,575743734
local,chipseq,7149400,SORT_BAM,374895855,33790,176.9,1976819712,1509073630,356509561,6,448536576,356700160,6109876224,16106127360,2143223808,448522497,448522497,1201839227
local,chipseq,3574700,SORT_BAM,187899130,18129,173.8,988106752,802710906,196074210,6,224153600,196173824,6008291328,16106127360,1068584960,224143330,224143330,600924066
local,chipseq,446900,SORT_BAM,23529629,2888,151.0,10907648,113465801,31697859,6,27963392,31715328,17063936,16106127360,10907648,27963287,27963287,75125401
local,chipseq,13620777,MERGED_BAM,683568161,246326,113.3,7155638272,3663914727,737695955,6,770084864,737906688,20531220480,16106127360,7155638272,730576561,730576561,2302988576
local,chipseq,1702600,MERGED_BAM,85945806,35943,130.7,7110651904,507966347,103872045,6,97918976,103940096,20394889216,16106127360,7110651904,102680255,102680255,287873850
local,chipseq,1787400,MERGED_BAM,94140088,36706,130.2,7095304192,523502016,107895932,6,101093376,107966464,20463054848,16106127360,7095304192,106211475,106211475,300472219
local,chipseq,223500,MERGED_BAM,11751671,8229,189.8,5259186176,86523354,18477236,6,13660160,18526208,20190392320,16106127360,5259186176,17720014,17720014,37571177
local,chipseq,14298700,MERGED_BAM,748229782,238624,117.5,7125319680,3191370291,652220257,6,687083520,652378112,20531220480,16106127360,7132856320,637648829,637648829,2403651367
local,chipseq,28597378,MERGED_BAM,1334020879,443374,125.8,8496263168,5708270934,1167134342,6,2320510976,1167536128,20531220480,16106127360,8511959040,1141439533,1141439533,4807293396
local,chipseq,212900,MERGED_BAM,10734726,8240,184.3,5228105728,81887314,17485288,6,14233600,17530880,20190392320,16106127360,5228105728,16729117,16729117,35999394
local,chipseq,27241477,MERGED_BAM,1207988328,476545,126.2,8479051776,6955020705,1400728837,6,2282381312,1401008128,20531220480,16106127360,8483893248,1385704887,1385704887,4605965334
local,chipseq,425700,MERGED_BAM,21494257,12386,167.4,5741903872,144530838,30677710,6,26603520,30724096,20258557952,16106127360,5741903872,29850286,29850286,71979269
local,chipseq,893700,MERGED_BAM,47090363,20864,144.0,6688817152,280695992,58675858,6,52420608,58720256,20326723584,16106127360,6688817152,57586088,57586088,150242459
local,chipseq,6810400,MERGED_BAM,342582205,124606,115.1,7132770304,1901293137,383274957,6,376029184,383393792,20531220480,16106127360,7132770304,379929452,379929452,1151497954
local,chipseq,851300,MERGED_BAM,43009231,20382,147.8,6688661504,267220671,55583044,6,49496064,55627776,20326723584,16106127360,6688661504,54651633,54651633,143937930
local,chipseq,3405200,MERGED_BAM,171591665,67284,123.9,7128133632,980706851,198576511,6,194301952,198660096,20531220480,16106127360,7128133632,196748275,196748275,575743734
local,chipseq,7149400,MERGED_BAM,374895855,122393,112.9,7121940480,1779503081,363430030,6,352194560,363552768,20531220480,16106127360,7129415680,356466450,356466450,1201839227
local,chipseq,3574700,MERGED_BAM,187899130,67124,119.4,7111532544,973896471,199276108,6,191209472,199376896,20463054848,16106127360,7121342464,196035130,196035130,600924066
local,chipseq,446900,MERGED_BAM,23529629,12731,171.0,5935869952,152983734,32526963,6,26857472,32571392,20190392320,16106127360,5935869952,31669169,31669169,75125401
local,chipseq,13620777,PRESEQ,683568161,104804,99.9,9883648,733987773,470510,6,740577280,475136,1046372352,16106127360,9883648,737005711,737005711,2302988576
local,chipseq,13620777,MERGED_BAM_FILTER,683568161,158740,121.6,13893632,2914864860,1099739737,6,1564672,543830016,23367680,16106127360,14020608,737015709,737015709,2302988576
local,chipseq,1702600,PRESEQ,85945806,14203,103.4,9969664,98221293,469743,6,98164736,475136,1046372352,16106127360,9969664,103197697,103197697,287873850
local,chipseq,1702600,MERGED_BAM_FILTER,85945806,23093,121.0,14139392,419638099,164279292,6,0,83574784,23367680,16106127360,14274560,103207695,103207695,287873850
local,chipseq,1787400,PRESEQ,94140088,13836,103.5,10276864,102158049,440287,6,102100992,446464,1046372352,16106127360,10276864,107221783,107221783,300472219
local,chipseq,1787400,MERGED_BAM_FILTER,94140088,20383,121.4,14020608,395949915,150354647,6,0,76795904,23367680,16106127360,14159872,107231781,107231781,300472219
local,chipseq,223500,PRESEQ,11751671,2178,123.0,19263488,13806928,439926,6,13754368,446464,1054752768,16106127360,19263488,17811224,17811224,37571177
local,chipseq,223500,MERGED_BAM_FILTER,11751671,3281,118.8,14049280,61416065,25829597,6,0,14741504,23228416,16106127360,14180352,17821222,17821222,37571177
local,chipseq,14298700,PRESEQ,748229782,105713,100.3,10133504,647425567,461492,6,647372800,462848,1046372352,16106127360,10133504,651529834,651529834,2403651367
local,chipseq,14298700,MERGED_BAM_FILTER,748229782,65453,126.8,13783040,1540797040,452066664,6,0,224997376,23367680,16106127360,13918208,651539832,651539832,2403651367
local,chipseq,28597378,PRESEQ,1334020879,210438,100.2,12238848,1162554811,469190,6,1162502144,471040,1047793664,16106127360,12238848,1166438577,1166438577,4807293396
local,chipseq,28597378,MERGED_BAM_FILTER,1334020879,72589,132.7,13938688,2131592965,490457982,6,4096,243503104,23367680,16106127360,14073856,1166448575,1166448575,4807293396
local,chipseq,212900,PRESEQ,10734726,2226,122.4,19316736,12796011,482193,6,12742656,487424,1054883840,16106127360,19316736,16819312,16819312,35999394
local,chipseq,212900,MERGED_BAM_FILTER,10734726,3259,115.9,13971456,58067666,24669471,6,4096,14155776,23228416,16106127360,14110720,16829310,16829310,35999394
local,chipseq,27241477,PRESEQ,1207988328,204363,100.1,10280960,1397529497,472562,6,1397473280,475136,1046372352,16106127360,10280960,1400033639,1400033639,4605965334
local,chipseq,27241477,MERGED_BAM_FILTER,1207988328,279760,122.6,13922304,5181905269,1907090065,6,0,941273088,23367680,16106127360,14057472,1400043637,1400043637,4605965334
local,chipseq,425700,PRESEQ,21494257,3988,113.4,10018816,25237755,470436,6,25182208,475136,1046372352,16106127360,10018816,30009842,30009842,71979269
local,chipseq,425700,MERGED_BAM_FILTER,21494257,6196,119.0,13938688,111642818,45752768,6,0,24948736,23367680,16106127360,14077952,30019840,30019840,71979269
local,chipseq,893700,PRESEQ,47090363,7651,106.4,18190336,52896043,430408,6,52838400,434176,1053741056,16106127360,18190336,58005963,58005963,150242459
local,chipseq,893700,MERGED_BAM_FILTER,47090363,11289,120.9,13877248,217576349,85343596,6,0,44711936,23367680,16106127360,14012416,58015961,58015961,150242459
local,chipseq,6810400,PRESEQ,342582205,52997,100.5,10002432,378746916,473824,6,378691584,479232,1046372352,16106127360,10002432,382591257,382591257,1151497954
local,chipseq,6810400,MERGED_BAM_FILTER,342582205,85733,121.4,14192640,1561318925,597371055,6,0,296620032,23367680,16106127360,14327808,382601255,382601255,1151497954
local,chipseq,851300,PRESEQ,43009231,7140,106.5,10117120,49812868,469706,6,49942528,475136,1046372352,16106127360,10117120,54912561,54912561,143937930
local,chipseq,851300,MERGED_BAM_FILTER,43009231,12073,119.7,20963328,216004830,86129403,6,106496,45068288,28446720,16106127360,20963328,54922559,54922559,143937930
local,chipseq,3405200,PRESEQ,171591665,26174,102.1,14716928,193371566,475010,6,0,479232,1050009600,16106127360,14716928,197897570,197897570,575743734
local,chipseq,3405200,MERGED_BAM_FILTER,171591665,44897,121.3,17125376,813937439,314720522,6,12288,157560832,24612864,16106127360,17125376,197907568,197907568,575743734
local,chipseq,7149400,PRESEQ,374895855,52071,100.9,10059776,358319624,450756,6,323584,454656,1046372352,16106127360,10059776,362746515,362746515,1201839227
local,chipseq,7149400,MERGED_BAM_FILTER,374895855,51888,123.3,14147584,1075143274,363113598,6,131072,181428224,23367680,16106127360,14274560,362756513,362756513,1201839227
local,chipseq,3574700,PRESEQ,187899130,27267,101.8,10027008,193827059,440608,6,193769472,446464,1046372352,16106127360,10027008,198597425,198597425,600924066
local,chipseq,3574700,MERGED_BAM_FILTER,187899130,34339,122.1,13901824,682084737,248146884,6,0,124907520,23367680,16106127360,14041088,198607423,198607423,600924066
local,chipseq,446900,PRESEQ,23529629,3903,113.7,10067968,27103897,439838,6,27049984,446464,1046372352,16106127360,10067968,31859477,31859477,75125401
local,chipseq,446900,MERGED_BAM_FILTER,23529629,6046,119.7,14000128,116285875,47122001,6,0,25649152,23228416,16106127360,14139392,31869475,31869475,75125401
local,chipseq,13620777,PHANTOMPEAKQUALTOOLS,683568161,218533,47.6,572751872,3960644873,3405396611,6,565985280,867442688,1624506368,16106127360,572751872,543787387,543787387,2302988576
local,chipseq,13620777,BIGWIG,683568161,117387,128.5,2012962816,3671674178,2199682108,6,3940352,1674747904,2031980544,16106127360,2013523968,543786758,543786758,2302988576
local,chipseq,13620777,PICARD_METRICS,683568161,62680,90.6,974061568,3730878884,686663,6,3158396928,770048,19849584640,16106127360,974061568,3701394033,3701394033,2302988576
local,chipseq,1702600,BIGWIG,85945806,23336,114.9,2009260032,341788487,172259451,6,82702336,119664640,2031980544,16106127360,2012737536,83535953,83535953,287873850
local,chipseq,1702600,PHANTOMPEAKQUALTOOLS,85945806,26382,61.3,162525184,567263120,474016333,6,26189824,124190720,1214369792,16106127360,162525184,83536582,83536582,287873850
local,chipseq,1702600,PICARD_METRICS,85945806,19766,127.7,1068240896,3268878075,685269,6,39616512,753664,19849584640,16106127360,1068240896,3241143228,3241143228,287873850
local,chipseq,1787400,BIGWIG,94140088,22658,115.9,2008104960,314606406,159667039,6,71696384,111149056,2031980544,16106127360,2013024256,76754316,76754316,300472219
local,chipseq,1787400,PHANTOMPEAKQUALTOOLS,94140088,22201,64.8,162631680,503664368,417267513,6,0,111788032,1214365696,16106127360,162631680,76754945,76754945,300472219
local,chipseq,1787400,PLOTFINGERPRINT,94140088,77737,455.4,917704704,32317840119,10774157,8,82227200,1576960,3652501504,16106127360,1262268416,160289130,160289130,300472219
local,chipseq,1787400,MACS2,94140088,33851,108.9,118337536,500786749,276950917,6,158093312,173244416,1158070272,16106127360,155361280,160289970,160289970,300472219
local,chipseq,1787400,PICARD_METRICS,94140088,19636,126.9,1065451520,3262028739,685286,6,51699712,753664,19849584640,16106127360,1066266624,3234361591,3234361591,300472219
local,chipseq,223500,PHANTOMPEAKQUALTOOLS,11751671,5607,67.1,120270848,86428176,60862860,6,15056896,16752640,1172094976,16106127360,120303616,14703268,14703268,37571177
local,chipseq,223500,BIGWIG,11751671,12820,104.2,1542582272,40897647,19572171,6,1691648,13594624,1983569920,16106127360,2013077504,14702637,14702637,37571177
local,chipseq,223500,PICARD_METRICS,11751671,12731,153.2,953651200,3201188137,685246,6,24576,737280,19849584640,16106127360,953651200,3172309914,3172309914,37571177
local,chipseq,14298700,BIGWIG,748229782,51494,123.9,2012950528,1370654265,797386613,6,220626944,600686592,2031980544,16106127360,2013298688,224955418,224955418,2403651367
local,chipseq,14298700,PHANTOMPEAKQUALTOOLS,748229782,79838,55.4,296529920,1636526570,1401195214,6,0,355950592,1347887104,16106127360,296529920,224956047,224956047,2403651367
local,chipseq,14298700,MACS2,748229782,163323,105.9,370331648,2347124726,1364937152,6,540598272,1017081856,1418956800,16106127360,510885888,768741877,768741877,2403651367
local,chipseq,14298700,PLOTFINGERPRINT,748229782,126206,527.2,933658624,52696128032,14468213,8,7589888,3076096,3583152128,16106127360,1333657600,768741037,768741037,2403651367
local,chipseq,14298700,PICARD_METRICS,748229782,27455,125.3,1030512640,3410961452,685898,6,0,753664,19849584640,16106127360,1030512640,3382562693,3382562693,2403651367
local,chipseq,28597378,BIGWIG,1334020879,56092,125.8,2013052928,1598067880,949785665,6,239263744,722366464,2031980544,16106127360,2013425664,243464910,243464910,4807293396
local,chipseq,28597378,PHANTOMPEAKQUALTOOLS,1334020879,92554,53.9,310792192,1838577760,1584612388,6,0,392888320,1362595840,16106127360,310792192,243465539,243465539,4807293396
local,chipseq,28597378,PICARD_METRICS,1334020879,29075,129.1,906207232,3429599944,686168,6,0,753664,19849584640,16106127360,906207232,3401072185,3401072185,4807293396
local,chipseq,212900,BIGWIG,10734726,12785,104.3,1542664192,39142481,18796053,6,10272768,13053952,1983569920,16106127360,2013216768,14119944,14119944,35999394
local,chipseq,212900,PHANTOMPEAKQUALTOOLS,10734726,5096,72.0,119468032,85151418,60178232,6,0,16125952,1170939904,16106127360,119468032,14120575,14120575,35999394
local,chipseq,223500,PLOTFINGERPRINT,11751671,53452,457.8,922443776,22128482960,9058663,8,7704576,655360,3580096512,16106127360,1242324992,28821444,28821444,37571177
local,chipseq,223500,MACS2,11751671,4719,121.3,89591808,71493211,35359008,6,0,20537344,1130631168,16106127360,89591808,28822284,28822284,37571177
local,chipseq,212900,PICARD_METRICS,10734726,12787,154.5,952700928,3200606877,684976,6,0,737280,19849584640,16106127360,952700928,3171727221,3171727221,35999394
local,chipseq,27241477,BIGWIG,1207988328,215426,126.2,2013483008,7963599725,5176779860,6,938618880,4151083008,2031980544,16106127360,2014191616,941231254,941231254,4605965334
local,chipseq,27241477,PHANTOMPEAKQUALTOOLS,1207988328,395745,46.7,866967552,7007010331,6053686285,6,86016,1520173056,1918619648,16106127360,866967552,941231881,941231881,4605965334
local,chipseq,28597378,MACS2,1334020879,245907,104.0,509239296,3463183248,2046803641,6,1177944064,1651396608,1562206208,16106127360,806547456,1184695863,1184695863,4807293396
local,chipseq,28597378,PLOTFINGERPRINT,1334020879,158125,581.0,1016131584,68819465130,15205265,8,7507968,3391488,3560288256,16106127360,1336102912,1184695023,1184695023,4807293396
local,chipseq,27241477,PICARD_METRICS,1207988328,76515,109.9,1282600960,4128955059,687971,6,106496,770048,21024792576,16106127360,1282600960,4098838527,4098838527,4605965334
local,chipseq,425700,BIGWIG,21494257,13763,108.9,1466466304,79109338,38594106,6,20348928,26865664,1983569920,16106127360,2013196288,24911263,24911263,71979269
local,chipseq,425700,PHANTOMPEAKQUALTOOLS,21494257,7716,70.3,132964352,154839484,119840605,6,49152,31916032,1184174080,16106127360,132964352,24911894,24911894,71979269
local,chipseq,425700,PICARD_METRICS,21494257,13714,153.5,1019506688,3210625782,685200,6,0,737280,19849584640,16106127360,1019506688,3182518540,3182518540,71979269
local,chipseq,893700,BIGWIG,47090363,16680,111.6,2007429120,157700169,76888656,6,39641088,53325824,2031980544,16106127360,2012618752,44674389,44674389,150242459
local,chipseq,893700,PHANTOMPEAKQUALTOOLS,47090363,12576,67.0,149303296,281429048,227082950,6,0,61489152,1200627712,16106127360,149303296,44675020,44675020,150242459
local,chipseq,893700,PICARD_METRICS,47090363,15341,145.7,1040359424,3229976576,685189,6,0,753664,19849584640,16106127360,1040359424,3202281666,3202281666,150242459
local,chipseq,6810400,BIGWIG,342582205,61545,124.8,2013007872,1746570848,1008238181,6,292573184,761602048,2031980544,16106127360,2013372416,296581995,296581995,1151497954
local,chipseq,6810400,PHANTOMPEAKQUALTOOLS,342582205,107518,52.3,362909696,2118432591,1811153555,6,0,466489344,1414266880,16106127360,362909696,296582624,296582624,1151497954
local,chipseq,6810400,PICARD_METRICS,342582205,31631,129.2,923561984,3482909507,686019,6,0,753664,19849584640,16106127360,923561984,3454189270,3454189270,1151497954
local,chipseq,851300,BIGWIG,43009231,16556,111.8,2008489984,161199268,78691355,6,40005632,54493184,2031980544,16106127360,2013081600,45033120,45033120,143937930
local,chipseq,851300,PHANTOMPEAKQUALTOOLS,43009231,13221,67.3,155619328,293399704,238690377,6,0,63045632,1207087104,16106127360,155619328,45033751,45033751,143937930
local,chipseq,893700,MACS2,47090363,17712,112.6,104849408,266597076,144196908,6,0,87900160,1145708544,16106127360,127393792,89707212,89707212,150242459
local,chipseq,893700,PLOTFINGERPRINT,47090363,68367,478.2,934445056,30806731172,9903941,8,10076160,1134592,3667075072,16106127360,1254416384,89706372,89706372,150242459
local,chipseq,851300,PICARD_METRICS,43009231,14816,149.8,1117577216,3230339357,684967,6,0,737280,19849584640,16106127360,1117577216,3202640397,3202640397,143937930
local,chipseq,3405200,BIGWIG,171591665,34747,122.7,2012966912,834166687,478993171,6,152895488,364949504,2031980544,16106127360,2012966912,157521853,157521853,575743734
local,chipseq,3405200,PHANTOMPEAKQUALTOOLS,171591665,50744,58.3,238530560,1101410251,933809069,6,0,242671616,1290174464,16106127360,238530560,157522482,157522482,575743734
local,chipseq,3405200,PICARD_METRICS,171591665,22093,134.5,1042743296,3343224124,685439,6,0,753664,19849584640,16106127360,1042743296,3315129128,3315129128,575743734
local,chipseq,7149400,BIGWIG,374895855,40463,123.8,2013175808,990877815,563844392,6,176857088,422776832,2031980544,16106127360,2013175808,181389046,181389046,1201839227
local,chipseq,7149400,PHANTOMPEAKQUALTOOLS,374895855,59405,57.3,264962048,1272129376,1080595372,6,0,280825856,1316532224,16106127360,271716352,181389675,181389675,1201839227
local,chipseq,7149400,PLOTFINGERPRINT,374895855,84074,555.0,972935168,38522243536,13318047,8,8581120,2650112,3618332672,16106127360,1292906496,477969902,477969902,1201839227
local,chipseq,7149400,MACS2,374895855,98680,108.3,224403456,1467293631,819547096,6,16384,552439808,1266868224,16106127360,327102464,477970742,477970742,1201839227
local,chipseq,7149400,PICARD_METRICS,374895855,23687,136.5,893808640,3367157203,685917,6,0,753664,19849584640,16106127360,893808640,3338996321,3338996321,1201839227
local,chipseq,3574700,BIGWIG,187899130,29914,121.0,2008375296,623836339,346440322,6,120029184,256790528,2031980544,16106127360,2013237248,124869717,124869717,600924066
local,chipseq,3574700,PLOTFINGERPRINT,187899130,74831,513.8,1203924992,33814979372,11967380,8,9478144,2113536,3637460992,16106127360,1284071424,282390431,282390431,600924066
local,chipseq,3574700,MACS2,187899130,58855,109.8,143302656,879032374,483601746,6,8192,307806208,1183600640,16106127360,213913600,282391271,282391271,600924066
local,chipseq,3574700,PHANTOMPEAKQUALTOOLS,187899130,38198,60.7,192499712,847697316,712962861,6,0,188530688,1244225536,16106127360,192499712,124870346,124870346,600924066
local,chipseq,3574700,PICARD_METRICS,187899130,20260,136.6,1237618688,3310364475,685402,6,0,753664,19849584640,16106127360,1237618688,3282476992,3282476992,600924066
local,chipseq,446900,BIGWIG,23529629,13842,107.5,1465626624,81740762,39913514,6,21004288,27799552,1983569920,16106127360,2012352512,25608850,25608850,75125401
local,chipseq,446900,PHANTOMPEAKQUALTOOLS,23529629,7687,70.3,131584000,154435348,118729110,6,0,32460800,1182576640,16106127360,131584000,25609481,25609481,75125401
local,chipseq,446900,MACS2,23529629,9176,115.9,91844608,137014199,70968076,6,0,41648128,1132580864,16106127360,100864000,50519816,50519816,75125401
local,chipseq,446900,PLOTFINGERPRINT,23529629,60919,480.6,1062252544,27553655083,9365520,8,9232384,835584,3632242688,16106127360,1247592448,50518976,50518976,75125401
local,chipseq,446900,PICARD_METRICS,23529629,13429,151.0,1015123968,3211336704,685265,6,0,737280,19849584640,16106127360,1015123968,3183216127,3183216127,75125401
local,chipseq,13620777,PLOTPROFILE,683568161,699307,653.7,1543450624,2296084911,714770100,8,75218944,418197504,2303725568,16106127360,2212794368,127268974,127268974,2302988576
local,chipseq,1702600,PLOTPROFILE,85945806,678584,677.6,1597161472,2331561470,609449397,8,9674752,312807424,2361884672,16106127360,2257244160,22455947,22455947,287873850
local,chipseq,1787400,PLOTPROFILE,94140088,679158,672.5,1573801984,2317253316,599782644,8,8949760,303108096,2292342784,16106127360,2204037120,22062852,22062852,300472219
local,chipseq,1787400,MACS2_ANNOTATE,94140088,104144,99.6,1364303872,918990228,214503474,6,5742592,214519808,1376006144,16106127360,1364303872,3301285302,3301285302,300472219
local,chipseq,223500,PLOTPROFILE,11751671,671864,697.0,1583038464,2310805061,521909763,8,1437696,224571392,2339385344,16106127360,2241957888,9694579,9694579,37571177
local,chipseq,14298700,PLOTPROFILE,748229782,691095,669.3,1547841536,2243249748,644456173,8,31105024,347865088,2289135616,16106127360,2191097856,49187657,49187657,2403651367
local,chipseq,14298700,MACS2_ANNOTATE,748229782,105399,99.4,1389416448,928859661,221550324,6,6623232,221569024,1400991744,16106127360,1389416448,3302415318,3302415318,2403651367
local,chipseq,28597378,PLOTPROFILE,1334020879,683413,667.9,1568763904,2244874488,654215188,8,35979264,357621760,2331176960,16106127360,2295889920,54336392,54336392,4807293396
local,chipseq,212900,PLOTPROFILE,10734726,677953,684.1,1526951936,2309055820,527567620,8,1429504,230285312,2298204160,16106127360,2223034368,9618676,9618676,35999394
local,chipseq,223500,MACS2_ANNOTATE,11751671,101543,100.0,1319460864,905290565,204600792,6,12288,204615680,1331363840,16106127360,1319460864,3299681405,3299681405,37571177
local,chipseq,27241477,PLOTPROFILE,1207988328,686830,654.4,1651908608,2331768175,771222125,8,134320128,474652672,2278789120,16106127360,2203193344,212678222,212678222,4605965334
local,chipseq,28597378,MACS2_ANNOTATE,1334020879,105607,100.0,1405702144,936296791,226860941,6,3596288,226873344,1417510912,16106127360,1405702144,3303267925,3303267925,4807293396
local,chipseq,425700,PLOTPROFILE,21494257,671598,682.1,1547837440,2368101566,557453109,8,2703360,260530176,2301804544,16106127360,2228387840,11452075,11452075,71979269
local,chipseq,893700,PLOTPROFILE,47090363,677665,682.6,1544835072,2340966421,576974224,8,5476352,280215552,2319319040,16106127360,2264338432,14197970,14197970,150242459
local,chipseq,6810400,PLOTPROFILE,342582205,685990,668.2,1580765184,2258399997,675438922,8,38629376,378851328,2293104640,16106127360,2263814144,56041027,56041027,1151497954
local,chipseq,851300,PLOTPROFILE,43009231,676607,681.0,1584603136,2363743301,582178216,8,4956160,285462528,2344267776,16106127360,2228486144,14118962,14118962,143937930
local,chipseq,893700,MACS2_ANNOTATE,47090363,103380,99.6,1323941888,911648943,209210361,6,4612096,209227776,1335771136,16106127360,1326985216,3300428422,3300428422,150242459
local,chipseq,3405200,PLOTPROFILE,171591665,691471,666.8,1569234944,2301181336,623585867,8,28016640,326979584,2330820608,16106127360,2206760960,34160412,34160412,575743734
local,chipseq,7149400,PLOTPROFILE,374895855,685552,668.2,1569431552,2261682440,635749274,8,35983360,339136512,2318405632,16106127360,2233647104,40313029,40313029,1201839227
local,chipseq,7149400,MACS2_ANNOTATE,374895855,105405,99.5,1361760256,921777557,216478443,6,7004160,216494080,1373200384,16106127360,1361760256,3301599566,3301599566,1201839227
local,chipseq,3574700,PLOTPROFILE,187899130,701759,668.2,1586745344,2277688912,618504494,8,15433728,321880064,2336407552,16106127360,2222252032,30246903,30246903,600924066
local,chipseq,3574700,MACS2_ANNOTATE,187899130,105062,100.0,1341497344,915563093,212018601,6,1212416,212033536,1353216000,16106127360,1341497344,3300880977,3300880977,600924066
local,chipseq,446900,PLOTPROFILE,23529629,675887,683.6,1606418432,2350883524,554949127,8,2482176,257966080,2355990528,16106127360,2274848768,11614680,11614680,75125401
local,chipseq,446900,MACS2_ANNOTATE,23529629,103333,99.9,1327570944,907671767,206332454,6,4096,206348288,1339322368,16106127360,1327570944,3299962035,3299962035,75125401
